Workbook

Sheet 29-30.12
B1: Траты на обеды с 29 по 30 декабря 2025 года
E2: 29.12 (понедельник) | H2: 30.12 (вторник)
C3: факт. оплата компании | D3: факт. оплата сотрудником | E3: факт. стоимость | F3: компания | G3: сотрудник | H3: факт. стоимость | I3: компания | J3: сотрудник | K3: факт. стоимость | L3: компания | M3: сотрудник | N3: факт. Стоимость | O3: компания | P3: сотрудник | Q3: факт. стоимость | R3: компания | S3: сотрудник | T3: факт | U3: остаток (компания) | V3: остаток (сотрудник)
A4: 1 | B4: Боровков Алексей Анатольевич | C4: =150*2+344 -> 644 | D4: 0 | E4: 154 | F4: 154 | G4: =E4-F4 -> 0 | H4: 154 | I4: 154 | J4: =H4-I4 -> 0 | L4: 0 | M4: =K4-L4 -> 0 | O4: 0 | P4: =N4-O4 -> 0 | R4: 0 | S4: =Q4-R4 -> 0 | T4: =E4+H4+K4+N4+Q4 -> 308 | U4: =C4-F4-I4-L4-O4-R4 -> 336 | V4: =D4-G4-J4-M4-P4-S4 -> 0
A5: 2 | B5: Жеребцова Ольга Константиновна | C5: =150*2 -> 300 | D5: 0 | E5: 0 | F5: 0 | G5: =E5-F5 -> 0 | H5: 0 | I5: 0 | J5: =H5-I5 -> 0 | L5: 0 | M5: =K5-L5 -> 0 | O5: 0 | P5: =N5-O5 -> 0 | R5: 0 | S5: =Q5-R5 -> 0 | T5: =E5+H5+K5+N5+Q5 -> 0 | U5: =C5-F5-I5-L5-O5-R5 -> 300 | V5: =D5-G5-J5-M5-P5-S5 -> 0
A6: 3 | B6: Захаричев Владимир Константинович | C6: =150*2 -> 300 | D6: 417 | E6: 295 | F6: 150 | G6: =E6-F6 -> 145 | H6: 376 | I6: 150 | J6: =H6-I6 -> 226 | L6: 0 | M6: =K6-L6 -> 0 | O6: 0 | P6: =N6-O6 -> 0 | R6: 0 | S6: =Q6-R6 -> 0 | T6: =E6+H6+K6+N6+Q6 -> 671 | U6: =C6-F6-I6-L6-O6-R6 -> 0 | V6: =D6-G6-J6-M6-P6-S6 -> 46
A7: 4 | B7: Калинина Марина Владимировна | C7: =150*2+2755 -> 3055 | D7: 0 | E7: 0 | F7: 0 | G7: =E7-F7 -> 0 | H7: 0 | I7: 0 | J7: 0 | L7: 0 | M7: =K7-L7 -> 0 | O7: 0 | P7: 0 | R7: 0 | S7: =Q7-R7 -> 0 | T7: =E7+H7+K7+N7+Q7 -> 0 | U7: =C7-F7-I7-L7-O7-R7 -> 3055 | V7: =D7-G7-J7-N7-Q7-S7 -> 0
A8: 5 | B8: Киселев Виктор Андреевич | C8: =150*2 -> 300 | D8: 0 | E8: 0 | F8: 0 | G8: =E8-F8 -> 0 | H8: 0 | I8: 0 | J8: =H8-I8 -> 0 | L8: 0 | M8: =K8-L8 -> 0 | O8: 0 | P8: =N8-O8 -> 0 | R8: 0 | S8: =Q8-R8 -> 0 | T8: =E8+H8+K8+N8+Q8 -> 0 | U8: =C8-F8-I8-L8-O8-R8 -> 300 | V8: =D8-G8-J8-M8-P8-S8 -> 0
A9: 6 | B9: Корякин Артем Андреевич | C9: =150*2 -> 300 | D9: 361 | E9: 261 | F9: 261 | G9: =E9-F9 -> 0 | H9: 0 | I9: 0 | J9: =H9-I9 -> 0 | L9: 0 | M9: =K9-L9 -> 0 | O9: 0 | P9: =N9-O9 -> 0 | R9: 0 | S9: =Q9-R9 -> 0 | T9: =E9+H9+K9+N9+Q9 -> 261 | U9: =C9-F9-I9-L9-O9-R9 -> 39 | V9: =D9-G9-J9-M9-P9-S9 -> 361
A10: 7 | B10: Пак Василий Эдурдович | C10: =150*2 -> 300 | D10: 503 | E10: 219 | F10: 150 | G10: =E10-F10 -> 69 | H10: 205 | I10: 150 | J10: =H10-I10 -> 55 | L10: 0 | M10: =K10-L10 -> 0 | O10: 0 | P10: =N10-O10 -> 0 | R10: 0 | S10: =Q10-R10 -> 0 | T10: =E10+H10+K10+N10+Q10 -> 424 | U10: =C10-F10-I10-L10-O10-R10 -> 0 | V10: =D10-G10-J10-M10-P10-S10 -> 379
A11: 8 | B11: Ротов Данила Евгеньевич | C11: =150*2 -> 300 | D11: -48 | E11: 196 | F11: 196 | G11: =E11-F11 -> 0 | H11: 0 | I11: 0 | J11: =H11-I11 -> 0 | L11: 0 | M11: =K11-L11 -> 0 | O11: 0 | P11: =N11-O11 -> 0 | R11: 0 | S11: =Q11-R11 -> 0 | T11: =E11+H11+K11+N11+Q11 -> 196 | U11: =C11-F11-I11-L11-O11-R11 -> 104 | V11: =D11-G11-J11-M11-P11-S11 -> -48
A12: 9 | B12: Сорокин Андрей Николаевич | C12: =150*2+506 -> 806 | D12: 0 | E12: 0 | F12: 0 | G12: =E12-F12 -> 0 | H12: 0 | I12: 0 | J12: =H12-I12 -> 0 | L12: 0 | M12: =K12-L12 -> 0 | O12: 0 | P12: =N12-O12 -> 0 | R12: 0 | S12: =Q12-R12 -> 0 | T12: =E12+H12+K12+N12+Q12 -> 0 | U12: =C12-F12-I12-L12-O12-R12 -> 806 | V12: =D12-G12-J12-M12-P12-S12 -> 0
A13: 10 | B13: Сущенко Юлия Владимировна | C13: =150*2 -> 300 | D13: 200 | E13: 129 | F13: 129 | G13: =E13-F13 -> 0 | H13: 370 | I13: 171 | J13: =H13-I13 -> 199 | L13: 0 | M13: =K13-L13 -> 0 | O13: 0 | P13: =N13-O13 -> 0 | R13: 0 | S13: =Q13-R13 -> 0 | T13: =E13+H13+K13+N13+Q13 -> 499 | U13: =C13-F13-I13-L13-O13-R13 -> 0 | V13: =D13-G13-J13-M13-P13-S13 -> 1
A14: 11 | B14: Шумский Иван Михайлович | C14: =150*2 -> 300 | D14: 1134 | E14: 0 | F14: 0 | G14: =E14-F14 -> 0 | H14: 0 | I14: 0 | J14: =H14-I14 -> 0 | L14: 0 | M14: =K14-L14 -> 0 | O14: 0 | P14: =N14-O14 -> 0 | R14: 0 | S14: =Q14-R14 -> 0 | T14: =E14+H14+K14+N14+Q14 -> 0 | U14: =C14-F14-I14-L14-O14-R14 -> 300 | V14: =D14-G14-J14-M14-P14-S14 -> 1134
A15: 12 | B15: Матюшин Павел | C15: =100*2 -> 200 | D15: 0 | E15: 0 | F15: 0 | G15: =E15-F15 -> 0 | H15: 300 | I15: 200 | J15: =H15-I15 -> 100 | L15: 0 | M15: =K15-L15 -> 0 | O15: 0 | P15: =N15-O15 -> 0 | R15: 0 | S15: =Q15-R15 -> 0 | T15: =E15+H15+K15+N15+Q15 -> 300 | U15: =C15-F15-I15-L15-O15-R15 -> 0 | V15: =D15-G15-J15-M15-P15-S15 -> -100
B16: доставка | C16: =450*2 -> 900 | D16: 0 | E16: 450 | F16: 450 | G16: =E16-F16 -> 0 | H16: 0 | I16: 0 | J16: =H16-I16 -> 0 | L16: 0 | M16: =K16-L16 -> 0 | O16: 0 | P16: =N16-O16 -> 0 | R16: 0 | S16: =Q16-R16 -> 0 | T16: =E16+H16+K16+N16+Q16 -> 450 | U16: =C16-F16-I16-L16-O16-R16 -> 450 | V16: =D16-G16-J16-M16-P16-S16 -> 0
B17: Итого: | C17: =SUM(C4:C15) -> 7105 | D17: =SUM(D4:D15) -> 2567 | E17: =SUM(E4:E16) -> 1704 | F17: =SUM(F4:F16) -> 1490 | G17: =SUM(G4:G16) -> 214 | H17: =SUM(H4:H16) -> 1405 | I17: =SUM(I4:I16) -> 825 | J17: =SUM(J4:J16) -> 580 | K17: =SUM(K4:K15) -> 0 | L17: =SUM(L4:L15) -> 0 | M17: =SUM(M4:M15) -> 0 | N17: =SUM(N4:N15) -> 0 | O17: =SUM(O4:O15) -> 0 | P17: =SUM(P4:P15) -> 0 | Q17: =SUM(Q4:Q15) -> 0 | R17: =SUM(R4:R15) -> 0 | ... V17: =SUM(V4:V15) -> 1773
C20: выдано АВ | D20: факт | E20: потрачено | F20: остаток | I20: Планируемые траты за период 12-16 января за исключением остатка: | M20: =M36-F27 -> 15106 | V20: баланс на карте | W20: =W22+W24 -> 7697
B21: остаток | C21: 2199 | S21: остаток:
C22: 800 | F22: =C21+C22 -> 2999 | I22: факт. оплата компании | S22: деньги организации | W22: =F30+U17 -> 5924
B23: 29.12 (понедельник) | E23: =F17 -> 1490 | F23: =F22-E23 -> 1509 | I23: Боровков Алексей Александрович | M23: =150*5+U4 -> 1086
B24: 30.12 (вторник) | E24: =I17 -> 825 | F24: =F23-E24 -> 684 | I24: Жеребцова Ольга Константиновна | M24: =150*5+U5 -> 1050 | S24: деньги сотрудников | W24: =V17 -> 1773
E25: =L17 -> 0 | F25: =F24-E25 -> 684 | I25: Захаричев Владимир Константинович | M25: =150*5+U6 -> 750
E26: =O17 -> 0 | F26: =F25-E26 -> 684 | I26: Калинина Марина Владимировна | M26: =150*5+U7 -> 3805
E27: =R17 -> 0 | F27: =F26-E27 -> 684 | I27: Киселев Виктор Андреевич | M27: =150*5+U8 -> 1050
B28: итого | E28: =E22+E23+E24+E25+E26+E27 -> 2315 | I28: Корякин Артем Андреевич | M28: =150*5+U9 -> 789
B29: оплата бонусами | I29: Пак Василий Эдурдович | M29: =150*5+U10 -> 750
E30: =E28-E29 -> 2315 | F30: =F27+E29 -> 684 | I30: Ротов Данила Евгеньевич | M30: =150*5+U11 -> 854
I31: Сорокин Андрей Николаевич | M31: =150*5+U12 -> 1556
I32: Сущенко Юлия Владимировна | M32: =150*5+U13 -> 750
I33: Шумский Иван Михайлович | M33: =150*5+U14 -> 1050
I34: Матюшин Павел | M34: =100*5+U15 -> 500
I35: доставка | M35: =450*4 -> 1800
I36: Итого: | M36: =SUM(M23:M35) -> 15790

Sheet ЭТУ ТАБЛИЦУ СМОТРИ
B1: Траты на обеды с 12 по 16 января 2026 года
E2: 12.01 (понедельник) | H2: 13.01 (вторник) | K2: 14.01 (среда) | N2: 15.01 (четверг) | Q2: 16.01 (пятница)
C3: факт. оплата компании | D3: факт. оплата сотрудником | E3: факт. стоимость | F3: компания | G3: сотрудник | H3: факт. стоимость | I3: компания | J3: сотрудник | K3: факт. стоимость | L3: компания | M3: сотрудник | N3: факт. Стоимость | O3: компания | P3: сотрудник | Q3: факт. стоимость | R3: компания | S3: сотрудник | T3: факт | U3: остаток (сотрудник)
A4: 1 | B4: Боровков Алексей Анатольевич | C4: =150*5+'29-30.12'!U4 -> 1086 | D4: 0 | E4: 0 | F4: 0 | G4: =E4-F4 -> 0 | H4: ='заказ 12-16.01'!C4 -> 137 | I4: 137 | J4: =H4-I4 -> 0 | K4: ='заказ 12-16.01'!E4 -> 149 | L4: 149 | M4: =K4-L4 -> 0 | N4: ='заказ 12-16.01'!G4 -> 154 | O4: 154 | P4: =N4-O4 -> 0 | Q4: ='заказ 12-16.01'!I4 -> 149 | R4: 149 | S4: =Q4-R4 -> 0 | T4: =E4+H4+K4+N4+Q4 -> 589 | U4: =D4-G4-J4-M4-P4-S4 -> 0
A5: 2 | B5: Жеребцова Ольга Константиновна | C5: =150*5+'29-30.12'!U5 -> 1050 | D5: 0 | E5: 0 | F5: 0 | G5: =E5-F5 -> 0 | H5: ='заказ 12-16.01'!C5 -> 492 | I5: 492 | J5: =H5-I5 -> 0 | K5: ='заказ 12-16.01'!E5 -> 0 | L5: 0 | M5: =K5-L5 -> 0 | N5: ='заказ 12-16.01'!G5 -> 138 | O5: 138 | P5: =N5-O5 -> 0 | Q5: ='заказ 12-16.01'!I5 -> 0 | R5: 0 | S5: =Q5-R5 -> 0 | T5: =E5+H5+K5+N5+Q5 -> 630 | U5: =D5-G5-J5-M5-P5-S5 -> 0
A6: 3 | B6: Захаричев Владимир Константинович | C6: =150*5+'29-30.12'!U6 -> 750 | D6: =46+2500 -> 2546 | E6: 0 | F6: 0 | G6: =E6-F6 -> 0 | H6: ='заказ 12-16.01'!C6 -> 579 | I6: 300 | J6: =H6-I6 -> 279 | K6: ='заказ 12-16.01'!E6 -> 579 | L6: 150 | M6: =K6-L6 -> 429 | N6: ='заказ 12-16.01'!G6 -> 579 | O6: 150 | P6: =N6-O6 -> 429 | Q6: ='заказ 12-16.01'!I6 -> 579 | R6: 150 | S6: =Q6-R6 -> 429 | T6: =E6+H6+K6+N6+Q6 -> 2316 | U6: =D6-G6-J6-M6-P6-S6 -> 980
A7: 4 | B7: Калинина Марина Владимировна | C7: =150*5+'29-30.12'!U7 -> 3805 | D7: 0 | E7: 0 | F7: 0 | G7: =E7-F7 -> 0 | H7: ='заказ 12-16.01'!C7 -> 129 | I7: 129 | J7: =H7-I7 -> 0 | K7: ='заказ 12-16.01'!E7 -> 104 | L7: 104 | M7: =K7-L7 -> 0 | N7: ='заказ 12-16.01'!G7 -> 151 | O7: 151 | P7: =N7-O7 -> 0 | Q7: ='заказ 12-16.01'!I7 -> 219 | R7: 219 | S7: =Q7-R7 -> 0 | T7: =E7+H7+K7+N7+Q7 -> 603 | U7: =D7-G7-J7-M7-P7-S7 -> 0
A8: 5 | B8: Киселев Виктор Андреевич | C8: =150*5+'29-30.12'!U8 -> 1050 | D8: 2500 | E8: 0 | F8: 0 | G8: =E8-F8 -> 0 | H8: ='заказ 12-16.01'!C8 -> 315 | I8: 315 | J8: =H8-I8 -> 0 | K8: ='заказ 12-16.01'!E8 -> 300 | L8: 300 | M8: =K8-L8 -> 0 | N8: ='заказ 12-16.01'!G8 -> 187 | O8: 187 | P8: =N8-O8 -> 0 | Q8: ='заказ 12-16.01'!I8 -> 310 | R8: 248 | S8: =Q8-R8 -> 62 | T8: =E8+H8+K8+N8+Q8 -> 1112 | U8: =D8-G8-J8-M8-P8-S8 -> 2438
A9: 6 | B9: Корякин Артем Андреевич | C9: =150*5+'29-30.12'!U9 -> 789 | D9: 361 | E9: 0 | F9: 0 | G9: =E9-F9 -> 0 | H9: ='заказ 12-16.01'!C9 -> 458 | I9: 339 | J9: =H9-I9 -> 119 | K9: ='заказ 12-16.01'!E9 -> 442 | L9: 150 | M9: =K9-L9 -> 292 | N9: ='заказ 12-16.01'!G9 -> 395 | O9: 150 | P9: =N9-O9 -> 245 | Q9: ='заказ 12-16.01'!I9 -> 335 | R9: 150 | S9: =Q9-R9 -> 185 | T9: =E9+H9+K9+N9+Q9 -> 1630 | U9: =D9-G9-J9-M9-P9-S9 -> -480
A10: 7 | B10: Пак Василий Эдурдович | C10: =150*5+'29-30.12'!U10 -> 750 | D10: 379 | E10: 0 | F10: 0 | G10: =E10-F10 -> 0 | H10: ='заказ 12-16.01'!C10 -> 219 | I10: 219 | J10: =H10-I10 -> 0 | K10: ='заказ 12-16.01'!E10 -> 219 | L10: 219 | M10: =K10-L10 -> 0 | N10: ='заказ 12-16.01'!G10 -> 184 | O10: 162 | P10: =N10-O10 -> 22 | Q10: ='заказ 12-16.01'!I10 -> 178 | R10: 150 | S10: =Q10-R10 -> 28 | T10: =E10+H10+K10+N10+Q10 -> 800 | U10: =D10-G10-J10-M10-P10-S10 -> 329
A11: 8 | B11: Ротов Данила Евгеньевич | C11: =150*5+'29-30.12'!U11 -> 854 | D11: -94 | E11: 0 | F11: 0 | G11: =E11-F11 -> 0 | H11: ='заказ 12-16.01'!C11 -> 300 | I11: 300 | J11: =H11-I11 -> 0 | K11: ='заказ 12-16.01'!E11 -> 300 | L11: 254 | M11: =K11-L11 -> 46 | N11: ='заказ 12-16.01'!G11 -> 300 | O11: 150 | P11: =N11-O11 -> 150 | Q11: ='заказ 12-16.01'!I11 -> 300 | R11: 150 | S11: =Q11-R11 -> 150 | T11: =E11+H11+K11+N11+Q11 -> 1200 | U11: =D11-G11-J11-M11-P11-S11 -> -440
A12: 9 | B12: Сорокин Андрей Николаевич | C12: =150*5+'29-30.12'!U12 -> 1556 | D12: 0 | E12: 0 | F12: 0 | G12: =E12-F12 -> 0 | H12: ='заказ 12-16.01'!C12 -> 137 | I12: 137 | J12: =H12-I12 -> 0 | K12: ='заказ 12-16.01'!E12 -> 113 | L12: 113 | M12: =K12-L12 -> 0 | N12: ='заказ 12-16.01'!G12 -> 137 | O12: 137 | P12: =N12-O12 -> 0 | Q12: ='заказ 12-16.01'!I12 -> 0 | R12: 0 | S12: =Q12-R12 -> 0 | T12: =E12+H12+K12+N12+Q12 -> 387 | U12: =D12-G12-J12-M12-P12-S12 -> 0
A13: 10 | B13: Сущенко Юлия Владимировна | C13: =150*5+'29-30.12'!U13 -> 750 | D13: 1 | E13: 0 | F13: 0 | G13: =E13-F13 -> 0 | H13: ='заказ 12-16.01'!C13 -> 219 | I13: 219 | J13: =H13-I13 -> 0 | K13: ='заказ 12-16.01'!E13 -> 310 | L13: 231 | M13: =K13-L13 -> 79 | N13: ='заказ 12-16.01'!G13 -> 219 | O13: 150 | P13: =N13-O13 -> 69 | Q13: ='заказ 12-16.01'!I13 -> 348 | R13: 150 | S13: =Q13-R13 -> 198 | T13: =E13+H13+K13+N13+Q13 -> 1096 | U13: =D13-G13-J13-M13-P13-S13 -> -345
A14: 11 | B14: Шумский Иван Михайлович | C14: =150*4+'29-30.12'!U14 -> 900 | D14: 1134 | E14: 0 | F14: 0 | G14: =E14-F14 -> 0 | H14: ='заказ 12-16.01'!C14 -> 224 | I14: 224 | J14: =H14-I14 -> 0 | K14: ='заказ 12-16.01'!E14 -> 0 | L14: 0 | M14: =K14-L14 -> 0 | N14: ='заказ 12-16.01'!G14 -> 245 | O14: 245 | P14: =N14-O14 -> 0 | Q14: ='заказ 12-16.01'!I14 -> 0 | R14: 0 | S14: =Q14-R14 -> 0 | T14: =E14+H14+K14+N14+Q14 -> 469 | U14: =D14-G14-J14-M14-P14-S14 -> 1134
A15: 12 | B15: Матюшин Павел | C15: =100*5+'29-30.12'!U15 -> 500 | D15: -100 | E15: 0 | F15: 0 | G15: =E15-F15 -> 0 | H15: ='заказ 12-16.01'!C15 -> 300 | I15: 200 | J15: =H15-I15 -> 100 | K15: ='заказ 12-16.01'!E15 -> 300 | L15: 100 | M15: =K15-L15 -> 200 | N15: ='заказ 12-16.01'!G15 -> 300 | O15: 100 | P15: =N15-O15 -> 200 | Q15: ='заказ 12-16.01'!I15 -> 300 | R15: 100 | S15: =Q15-R15 -> 200 | T15: =E15+H15+K15+N15+Q15 -> 1200 | U15: =D15-G15-J15-M15-P15-S15 -> -800
B16: доставка | C16: =450*5 -> 2250 | E16: 0 | F16: 0 | G16: =E16-F16 -> 0 | H16: 450 | I16: 450 | J16: =H16-I16 -> 0 | K16: 450 | L16: 450 | M16: =K16-L16 -> 0 | N16: 450 | O16: 450 | P16: =N16-O16 -> 0 | Q16: 450 | R16: 450 | S16: =Q16-R16 -> 0 | T16: =E16+H16+K16+N16+Q16 -> 1800 | U16: =D16-G16-J16-M16-P16-S16 -> 0
B17: Итого: | C17: =SUM(C4:C15) -> 13840 | D17: =SUM(D4:D15) -> 6727 | E17: =SUM(E4:E16) -> 0 | F17: =SUM(F4:F16) -> 0 | G17: =SUM(G4:G16) -> 0 | H17: =SUM(H4:H16) -> 3959 | I17: =SUM(I4:I16) -> 3461 | J17: =SUM(J4:J16) -> 498 | K17: =SUM(K4:K16) -> 3266 | L17: =SUM(L4:L16) -> 2220 | ... U17: =SUM(U4:U16) -> 2816
C20: выдано АВ | D20: факт | E20: потрачено | F20: остаток | Q20: баланс на карте | R20: =F30+U17 -> 5625
B21: остаток | C21: 730
C22: 12000 | F22: =C21+C22 -> 12730
B23: 12.01 (понедельник) | E23: =F17 -> 0 | F23: =F22-E23 -> 12730
B24: 13.01 (вторник) | E24: =I17 -> 3461 | F24: =F23-E24 -> 9269 | N24: деньги сотрудников | R24: =U17 -> 2816
B25: 14.01 (среда) | E25: =L17 -> 2220 | F25: =F24-E25 -> 7049
B26: 15.01 (четверг) | E26: =O17 -> 2324 | F26: =F25-E26 -> 4725
B27: 16.01 (пятница) | E27: =R17 -> 1916 | F27: =F26-E27 -> 2809
B28: итого | E28: =E22+E23+E24+E25+E26+E27 -> 9921
B29: оплата бонусами
E30: =E28-E29 -> 9921 | F30: =F27+E29 -> 2809

Sheet заказ 12-16.01
B3: 12.01 (вторник) | D3: 13.01 (среда) | F3: 14.01 (четверг) | H3: 15.01 (пятница)
A4: Боровков Алексей Анатольевич | B4: Суп картофельный с индейкой 300 г | C4: 137 | D4: Щи из свежей капусты с курицей 300 г | E4: 149 | F4: Борщ Украинский 300 г | G4: 154 | H4: Щи из свежей капусты с говядиной 300 г | I4: 149
A5: Жеребцова Ольга Константиновна | B5: Бизнес-Ланч "Гурман" Шашлык куриный с картофельным пюре 270 и Салат "Цезарь" 180 г (ПРЕМИУМ) | C5: 492 | D5: 0 | F5: Блин-омлет с сыром и ветчиной 140 г | G5: 138 | H5: 0
A6: Захаричев Владимир Константинович | B6: Японский рис с курицей и овощами Курица тушеная с овощами Сырники запеченные с цедрой апельсина | C6: 579 | D6: Японский рис с курицей и овощами Курица тушеная с овощами Сырники запеченные с цедрой апельсина | E6: 579 | F6: Японский рис с курицей и овощами Курица тушеная с овощами Сырники запеченные с цедрой апельсина | G6: 579 | H6: Японский рис с курицей и овощами Курица тушеная с овощами Сырники запеченные с цедрой апельсина | I6: 579
A7: Калинина Марина Владимировна | B7: Блины шоколадные с апельсином 150 г | C7: 129 | D7: Гречка отварная 170 г | E7: 104 | F7: Блинчики с творогом (210) (упак.3шт.) | G7: 151 | H7: Японский рис с курицей и овощами 300 г | I7: 219
A8: Киселев Виктор Андреевич | B8: Азу из говядины с картофельным пюре 295 г и Свекла с чесноком 150 г | C8: 315 | D8: Комплекс "Вкусный дуэт" Щи из свежей капусты с курицей и Оладьи из филе курицы с пенне | E8: 300 | F8: Курица тушеная с овощами 300 г | G8: 187 | H8: Комплекс "Без свинины" Салат "Грузинский и Куриное филе в сырном кляре с картофельным пюре | I8: 310
A9: Корякин Артем Андреевич | B9: Бизнес-Ланч "Вкусно, сытно" Крылышки куриные, Черноголовка "Байкал"и Шаурма с курицей | C9: 458 | D9: Бизнес-Ланч "Вкусно, сытно" Крылышки куриные, Черноголовка "Байкал"и Бургер с куриной котлетой | E9: 442 | F9: Комплекс БК Борщ Украинский, Свекла с чесноком и Лагман с курицей | G9: 395 | H9: Котлета Московская с макаронами 250 г и Салат "Любимый вкус" 150 г | I9: 335
A10: Пак Василий Эдуардович | B10: Японский рис с курицей и овощами 300 г | C10: 219 | D10: Котлета по-Киевски с картофельным пюре 270 г | E10: 219 | F10: Пельмени "Уральские" из курицы и говядины 250 г | G10: 184 | H10: Биточки по-селянски с рисом и овощами 270 г | I10: 178
A11: Ротов Данила Евгеньевич | B11: Комплекс "Вкусный дуэт" Суп картофельный с индейкой и Куриное филе жаренное в яйце с рисом и овощами | C11: 300 | D11: Комплекс "Вкусный дуэт" Щи из свежей капусты с курицей и Оладьи из филе курицы с пенне | E11: 300 | F11: Комплекс "Вкусный дуэт" Борщ Украинский и Бифштекс рубленный с хрустящим луком и соусом Тар-Тар с гречкой | G11: 300 | H11: Комплекс "Вкусный дуэт" Похлебка Старомосковская и Биточки по-селянски с рисом и овощами | I11: 300
A12: Сорокин Андрей Николаевич | B12: Салат "Оливье с колбасой" 150 г | C12: 137 | D12: Свекла с чесноком 150 г | E12: 113 | F12: Салат "Оливье с колбасой" 150 г | G12: 137 | H12: 0
A13: Сущенко Юлия Владимировна | B13: Японский рис с курицей и овощами 300 г | C13: 219 | D13: Комплекс "Без свинины" Наггетсы с картофелем по-деревенски и соус 1000 островов и Салат "Весна" | E13: 310 | F13: Курица "Су-вид" с гречкой, грибами и луком 270 г | G13: 219 | H13: Блины шоколадные с апельсином 150 г и Японский рис с курицей и овощами | I13: 348
A14: Шумский Иван Михайлович | B14: Жаркое по-домашнему 1/300гр. | C14: 224 | D14: 0 | F14: Окорочка куриные запечённые 250 г | G14: 245 | H14: 0
A15: Матюшин Павел | B15: Комплекс "Вкусный дуэт" Суп картофельный с индейкой и Куриное филе жаренное в яйце с рисом и овощами | C15: 300 | D15: Комплекс "Вкусный дуэт" Щи из свежей капусты с курицей и Оладьи из филе курицы с пенне | E15: 300 | F15: Комплекс "Вкусный дуэт" Борщ Украинский и Бифштекс рубленный с хрустящим луком и соусом Тар-Тар с гречкой | G15: 300 | H15: Комплекс "Вкусный дуэт" Похлебка Старомосковская и Биточки по-селянски с рисом и овощами | I15: 300
A16: Номер для пополнения счёта: +7 915 39 73 244 (по СПБ на россельхоз банк!!) | C16: =SUM(C4:C15) -> 3509 | E16: =SUM(E4:E15) -> 2816 | G16: =SUM(G4:G15) -> 2989 | I16: =SUM(I4:I15) -> 2718
A18: доставка | C18: 450 | E18: 450 | G18: 450 | I18: 450
A20: оплата за баллы системы доставки
A22: итого | C22: =SUM(C16,C18) -> 3959 | E22: =SUM(E16,E18) -> 3266 | G22: =SUM(G16,G18) -> 3439 | I22: =SUM(I16,I18) -> 3168

Sheet поступления
C1: поступление л/с | D1: дата | E1: поступление л/с | F1: дата | G1: поступление л/с | H1: дата | I1: поступление л/с | J1: дата | K1: поступление л/с | L1: дата | M1: поступление л/с | N1: дата
A2: 1 | B2: Боровков Алексей Анатольевич
A3: 2 | B3: Жеребцова Ольга Константиновна
A4: 3 | B4: Захаричев Владимир Константинович | C4: 2500 | D4: 46034
A5: 4 | B5: Калинина Марина Владимировна
A6: 5 | B6: Киселев Виктор Андреевич | C6: 2500 | D6: 46034
A7: 6 | B7: Корякин Артем Андреевич | C7: 2923 | D7: 46050
A8: 7 | B8: Пак Василий Эдурдович
A9: 8 | B9: Ротов Данила Евгеньевич | C9: 440 | D9: 46038 | E9: 2908 | F9: 46050
A10: 9 | B10: Сорокин Андрей Николаевич
A11: 10 | B11: Сущенко Юлия Владимировна | C11: 500 | D11: 46043 | E11: 2000 | F11: 46050
A12: 11 | B12: Шумский Иван Михайлович
A13: 12 | B13: Матюшин Павел
B14: АВ | C14: 12000 | D14: 46034 | E14: 10000 | F14: 46038 | G14: 14000 | H14: 46045
